<component name="VideoContent" extends="ContentNode">
    <interface>
        <field id="ad_url" type="string" />
        <field id="nielsen_app_id" type="string" />
        <field id="nielsen_genre" type="string" />
        <field id="nielsen_program_id" type="string" />
        <field id="AdaptiveMaxStartBitrate" type="Integer" />
        <field id="AdaptiveMinStartBitrate" type="Integer" />
        <field id="drmParams" type="assocarray" />
    </interface>
    <script type="text/brightscript" uri="pkg:/source/bslib.brs" />
</component>
<!--//# sourceMappingURL=./VideoContent.xml.map -->