<?xml version="1.0" encoding="UTF-8"?>
<component name="GetAPICall" extends="Task">
	<interface>
		<field id="userId" type="string" />
		<field id="content" type="array" />
		<field id="status" type="string" />
	</interface>
	<script type="text/brightscript" uri="pkg:/source/ApiHandler/ApiHandler.brs" />
	<script type="text/brightscript" uri="pkg:/components/Apis/GetAPICall.brs" />
    <script type="text/brightscript" uri="pkg:/source/AppUtilities/Utilities.brs" />
    <script type="text/brightscript" uri="pkg:/source/JSONHandler/JSONHandler.brs" />
</component>