<?xml version="1.0" encoding="UTF-8" ?>
<component name="MainScene" extends="Scene" xmlns:xsi="http://www.w3.org/2001/XMLSchema-instance" xsi:noNamespaceSchemaLocation="https://devtools.web.roku.com/schema/RokuSceneGraph.xsd">
    <interface>
        <field id="showProgressDialog" type="boolean" alwaysNotify="true" onChange="onProgressDialogShown" />
        <field id="hideProgressDialog" type="boolean" alwaysNotify="true" onChange="onProgressDialogHidden" />
        <field id="showErrorDialog" type="boolean" alwaysNotify="true" onChange="onErrorDialogShown" />
        <field id="hideErrorDialog" type="boolean" alwaysNotify="true" onChange="onErrorDialogHidden" />
        <field id="errorTitle" type="String" alwaysNotify="true" />
        <field id="errorMessage" type="String" alwaysNotify="true" />
    </interface>
    <script type="text/brightscript" uri="pkg:/components/MainScene/MainScene.brs" />
    <script type="text/brightscript" uri="pkg:/source/Constants/Colors/Remote/Buttons.brs" />
    <script type="text/brightscript" uri="pkg:/components/MainScene/MainSceneViewModel.brs" />
    <script type="text/brightscript" uri="pkg:/components/MainScene/MainSceneExtension.brs" />
    <script type="text/brightscript" uri="pkg:/components/MainScene/ChannelStoreHelper/ChannelStoreHelper.brs" />
    <script type="text/brightscript" uri="pkg:/source/bslib.brs" />
    <children>
        <Rectangle id="parentContainer" width="1920" height="1080" translation="[0,0]" color="#000000">
            <Label id="tempLabel" horizAlign="center" translation="[0,520]" width="1920" color="#9E9E9E" lineSpacing="2" wrap="true" ellipsizeOnBoundary="true" vertAlign="top" isTextEllipsized="false" text="This starter kit contains some utility resources for any Roku app. Press ok to play video" height="40" font="font:SmallSystemFont" />
        </Rectangle>
    </children>
</component>
<!--//# sourceMappingURL=./MainScene.xml.map -->