<?xml version="1.0" encoding="UTF-8"?>

<!--********** Copyright 2016 Roku Corp.  All Rights Reserved. **********-->

<component name="MainScene" extends="Scene" xmlns:xsi="http://www.w3.org/2001/XMLSchema-instance" xsi:noNamespaceSchemaLocation="https://devtools.web.roku.com/schema/RokuSceneGraph.xsd">
	
	<interface>
                  <field id="showProgressDialog" type="boolean" alwaysNotify="true" onChange="onProgressDialogShown"/>
                  <field id="hideProgressDialog" type="boolean" alwaysNotify="true" onChange="onProgressDialogHidden"/>
                  
                  <field id="showErrorDialog" type="boolean" alwaysNotify="true" onChange="onErrorDialogShown"/>
                  <field id="hideErrorDialog" type="boolean" alwaysNotify="true" onChange="onErrorDialogHidden"/>
                  
                  <field id="errorTitle" type="String" alwaysNotify="true"/>
                  <field id="errorMessage" type="String" alwaysNotify="true"/>
     </interface> 
	
	<!-- importing main handler -->
    <script type="text/brightscript" uri="pkg:/components/MainScene/MainScene.brs" />
    <script type="text/brightscript" uri="pkg:/components/MainScene/MainSceneExtension.brs" />
       
               <children>
                       <Rectangle id="parentContainer" width="1920" height="1080" translation="[0,0]" color="#000000" >
                                     
                                     <Label id="tempLabel" horizAlign="center" translation="[0,520]"
                                                         width="1920" color="#9E9E9E"
                                                         lineSpacing="2" wrap="true" ellipsizeOnBoundary="true"
                                                          vertAlign="top"
                                                          isTextEllipsized="false"
                                                          text="This is starter kit containing some utility resources for any Roku app."
                                                          height = "40" 
                                                          font="font:SmallSystemFont">
                                    </Label>
                                    
                                    <Rectangle id="CTAContainer1" width="350" height="80" translation="[785,580]" color = "#8B0000" >
                                               <Button id="CTAButton1" height="80" translation="[0,0]"
                                                       textFont="font:LargeSystemFont" iconUri="" focusedIconUri=""
                                                       focusBitmapUri="pkg:/images/img_transparent"
                                                       focusFootprintBitmapUri="pkg:/images/img_transparent" />
                                                
                                                <Label id="CTALabel1" horizAlign="center" translation="[0,0]"
                                                         width="350" color="#EEEEEE" numLines="2" maxLines="2" height="80"
                                                         lineSpacing="0" wrap="true" ellipsizeOnBoundary="true"
                                                          vertAlign="center"
                                                          isTextEllipsized="false"
                                                          text="ErrorDialog"
                                                          font="font:SmallestSystemFont">
                                                </Label>    
                                   </Rectangle>
                       </Rectangle>
              </children>         
</component>
